term,value,.lower,.upper
intercept,0.00187177,-0.10333147499999999,0.119326675
stimulus,0.0331895,0.004391652250000003,0.0614432325
compatibility,0.07103275,0.0494297775,0.092443445
interaction,-0.0104233,-0.05590393749999999,0.033955677499999976
